#create database retailstores ;
use retailstores;
CREATE TABLE Products (
    Product_ID	VARCHAR(255) PRIMARY KEY,
    Product_Category VARCHAR(255),
    Quantity INT,  
    Price_per_Unit INT
);
INSERT INTO Products (Product_ID, Product_Category, Quantity, Price_per_Unit) VALUES ("P001", "Beauty", "3", "50"),
("P002", "Clothing", "2", "500"),
("P003", "Electronics", "1", "30"),
("P004", "Clothing", "1", "500"),
("P005", "Beauty", "2", "50"),
("P006", "Beauty", "1", "30"),
("P007", "Clothing", "2", "25"),
("P008", "Electronics", "4", "25"),
("P009", "Electronics", "2", "300"),
("P010", "Clothing", "4", "50"),
("P011", "Clothing", "2", "50"),
("P012", "Beauty", "3", "25"),
("P013", "Electronics", "3", "500"),
("P014", "Clothing", "4", "30"),
("P015", "Electronics", "4", "500"),
("P016", "Clothing", "3", "500"),
("P017", "Clothing", "4", "25"),
("P018", "Electronics", "2", "25"),
("P019", "Clothing", "2", "25"),
("P020", "Clothing", "3", "300"),
("P021", "Beauty", "1", "500"),
("P022", "Clothing", "2", "50"),
("P023", "Clothing", "4", "30"),
("P024", "Clothing", "1", "300"),
("P025", "Beauty", "1", "50"),
("P026", "Electronics", "2", "500"),
("P027", "Beauty", "2", "25"),
("P028", "Beauty", "1", "500"),
("P029", "Electronics", "1", "30"),
("P030", "Beauty", "3", "300"),
("P031", "Electronics", "4", "300"),
("P032", "Beauty", "3", "30"),
("P033", "Electronics", "2", "50"),
("P034", "Clothing", "3", "50"),
("P035", "Beauty", "3", "300");

CREATE TABLE Customers (
    CustomerID INT PRIMARY KEY,
    Name VARCHAR(255),
    Gender VARCHAR(255),
    Age INT
);
INSERT INTO Customers (CustomerID, Name, Gender, Age) VALUES ("CUST001", "James", "Male", "34"),
("CUST002", "Jennifer", "Female", "26"),
("CUST003", "Robert", "Male", "50"),
("CUST004", "Michael", "Male", "37"),
("CUST005", "John", "Male", "30"),
("CUST006", "Elizabeth", "Female", "45"),
("CUST007", "prabhu", "Male", "46"),
("CUST008", "Terry", "Male", "30"),
("CUST009", "Sean", "Male", "63"),
("CUST010", "Megan", "Female", "52"),
("CUST011", "Peter", "Male", "23"),
("CUST012", "Ram", "Male", "35"),
("CUST013", "Rocky", "Male", "22"),
("CUST014", "jivan", "Male", "64"),
("CUST015", "natasha", "Female", "42"),
("CUST016", "jayant", "Male", "19"),
("CUST017", "cherry", "Female", "27"),
("CUST018", "sophia", "Female", "47"),
("CUST019", "Mira", "Female", "62"),
("CUST020", "aditya", "Male", "22"),
("CUST021", "asmi", "Female", "50"),
("CUST022", "dhyaneshwar", "Male", "18"),
("CUST023", "pooja", "Female", "35"),
("CUST024", "julia", "Female", "49"),
("CUST025", "kamla", "Female", "64"),
("CUST026", "Devi", "Female", "28"),
("CUST027", "sia", "Female", "38"),
("CUST028", "diana", "Female", "43"),
("CUST029", "gurusha", "Female", "42"),
("CUST030", "rajvi", "Female", "39"),
("CUST031", "rajiv", "Male", "44"),
("CUST032", "aniruddh", "Male", "30"),
("CUST033", "ragini", "Female", "50"),
("CUST034", "laila", "Female", "51"),
("CUST035", "christina", "Female", "58");

use retailstores;
CREATE TABLE Orders (
    OrderID INT PRIMARY KEY,
    CustomerID VARCHAR(255),
    OrderDate DATE,
    Quantity INT,
    Price_per_Unit INT,
    TotalAmount DECIMAL(10, 2),
    FOREIGN KEY (CustomerID) REFERENCES customers(CustomerID)
)
INSERT INTO Orders (OrderID, CustomerID, OrderDate, Quantity, Price_per_Unit, TotalAmount) VALUES (1, "CUST001", "2023-11-24", 3, 50, 150),
    (2, "CUST002", "2023-02-27", 2, 500, 1000),
    (3, "CUST003", "2023-01-13", 1, 30, 30),
    (4, "CUST004", "2023-05-21", 1, 500, 500),
    (5, "CUST005", "2023-05-06", 2, 50, 100),
    (6, "CUST006", "2023-04-25", 1, 30, 30),
    (7, "CUST007", "2023-03-13", 2, 25, 50),
    (8, "CUST008", "2023-02-22", 4, 25, 100),
    (9, "CUST009", "2023-12-13", 2, 300, 600),
    (10, "CUST010", "2023-10-07", 4, 50, 200),
    (11, "CUST011", "2023-02-14", 2, 50, 100),
    (12, "CUST012", "2023-10-30", 3, 25, 75),
    (13, "CUST013", "2023-08-05", 3, 500, 1500),
    (14, "CUST014", "2023-01-17", 4, 30, 120),
    (15, "CUST015", "2023-01-16", 4, 500, 2000),
    (16, "CUST016", "2023-02-17", 3, 500, 1500),
    (17, "CUST017", "2023-04-22", 4, 25, 100),
    (18, "CUST018", "2023-04-30", 2, 25, 50),
    (19, "CUST019", "2023-09-16", 2, 25, 50),
    (20, "CUST020", "2023-11-05", 3, 300, 900),
    (21, "CUST021", "2023-01-14", 1, 500, 500),
    (22, "CUST022", "2023-10-15", 2, 50, 100),
    (23, "CUST023", "2023-04-12", 4, 30, 120),
    (24, "CUST024", "2023-11-29", 1, 300, 300),
    (25, "CUST025", "2023-12-26", 1, 50, 50),
    (26, "CUST026", "2023-10-07", 2, 500, 1000),
    (27, "CUST027", "2023-08-03", 2, 25, 50),
    (28, "CUST028", "2023-04-23", 1, 500, 500),
    (29, "CUST029", "2023-08-18", 1, 30, 30),
    (30, "CUST030", "2023-10-29", 3, 300, 900),
    (31, "CUST031", "2023-05-23", 4, 300, 1200),
    (32, "CUST032", "2023-01-04", 3, 30, 90),
    (33, "CUST033", "2023-03-23", 2, 50, 100),
    (34, "CUST034", "2023-12-24", 3, 50, 150),
    (35, "CUST035", "2023-08-05", 3, 300, 900);

